case,baseline_case,baseline_root,cache_method,cache_threshold,flow_shift_video,guidance_scale,prompt_index,prompt_hash,seed,candidate_seconds,baseline_seconds,speedup,rel_l1,rel_l2,cosine,max_abs
magcache_t012_k4_r020_shift9,cache_off_shift9,/root/leo2-output/cache-full-final-848x464x121-20260903-1039,magcache,,9.0,1.0,0,6c422e5b9a6a5a230211e6672c16a4fd662e5cb94f26d0e5e25bf6cd0bf7e39e,42000,95.7127369310474,213.54388722695876,2.2310916401941188,0.23982893722616203,0.24742477199584037,0.9691647306961128,0.6983885169029236
magcache_t012_k4_r020_shift9,cache_off_shift9,/root/leo2-output/cache-full-final-848x464x121-20260903-1039,magcache,,9.0,1.0,1,b3070de68398a68e0619a1c8dedd0dc7060b9ad1be763d2b0ba5b3c9e46f0e5b,42001,81.79267283005174,197.1461223140359,2.4103151968595617,0.1939348089429073,0.18926325840641284,0.9819316748868443,0.5762325823307037
magcache_t012_k4_r020_shift9,cache_off_shift9,/root/leo2-output/cache-full-final-848x464x121-20260903-1039,magcache,,9.0,1.0,2,b6b467541e83d12c9b7c9ffa3eda4bc8b0665226286a01203021fcbb61845078,42002,81.69119773991406,197.06638077297248,2.4123331059533046,0.24599732912971858,0.2446460880000891,0.9697590488746963,0.845094621181488
magcache_t012_k4_r020_shift9,cache_off_shift9,/root/leo2-output/cache-full-final-848x464x121-20260903-1039,magcache,,9.0,1.0,3,6de57924c7a76ef79e4f054de07a4963b0fc186c9b7df1b46b44eb751a58a27a,42003,81.74023167602718,197.07025787292514,2.4109334391661874,0.10389070667070602,0.10132911764473242,0.9948571845872743,0.4342145510017872
magcache_t012_k4_r020_shift9,cache_off_shift9,/root/leo2-output/cache-full-final-848x464x121-20260903-1039,magcache,,9.0,1.0,4,613984d64d599dfc10b980c0d97b9f0443924513f926246518ee639b79632937,42004,81.8040936839534,197.14490621897858,2.40996382137842,0.2884342874732495,0.27971363482717493,0.9603421622264684,0.5954678058624268
magcache_t012_k4_r020_shift9,cache_off_shift9,/root/leo2-output/cache-full-final-848x464x121-20260903-1039,magcache,,9.0,1.0,5,71a4171dbac377ae449612935949aac513196df89c976bfee2dbcebc4fdcc3ac,42005,81.69711340300273,197.1460340950871,2.413133412959008,0.17650861209006333,0.1791906503823216,0.9838169559019879,0.5571457892656326
magcache_t012_k4_r020_shift9,cache_off_shift9,/root/leo2-output/cache-full-final-848x464x121-20260903-1039,magcache,,9.0,1.0,6,926e4240f626ad49a86d7f35a6f3ec19421f72d28489512452fc208875243ce3,42006,81.72641200502403,197.18117237195838,2.412698264054917,0.2783660363065823,0.29699098558874293,0.9548865218970676,0.8250402361154556
magcache_t012_k4_r020_shift9,cache_off_shift9,/root/leo2-output/cache-full-final-848x464x121-20260903-1039,magcache,,9.0,1.0,7,dc4f7f3bdae18b39a73263e1f44646c853ab268fea3038154674f768a9fa4371,42007,81.76647243299522,197.01848330697976,2.4095265142865196,0.15390538328816328,0.162528690518649,0.9874558061440991,0.4524165391921997
magcache_t012_k4_r020_shift9,cache_off_shift9,/root/leo2-output/cache-full-final-848x464x121-20260903-1039,magcache,,9.0,1.0,8,9c90cd0eeabffc279c7ac8ad7d30cebb02fbc625ab8e9dc258f04bb5ae01b2d0,42008,81.76680507697165,197.02977043902501,2.4096547523600793,0.23916266361456415,0.24386655036486693,0.9701785074345916,0.6872489936649799
magcache_t012_k4_r020_shift9,cache_off_shift9,/root/leo2-output/cache-full-final-848x464x121-20260903-1039,magcache,,9.0,1.0,9,039f8e923a69ce8df103a228e6a77472b6911d69a34c4b2158678cd65c34f67d,42009,81.75256661209278,197.1574403429404,2.4116360930713214,0.19172399236520693,0.1989629189596006,0.9803415871297536,0.9960784763097763
magcache_t012_k4_r020_shift9,cache_off_shift9,/root/leo2-output/cache-full-final-848x464x121-20260903-1039,magcache,,9.0,1.0,10,f2c207f7ab86c282c10d778d4a6cdab9a3ffcd163df354e0540baf988d7b1a26,42010,81.79182001401205,197.15999542898498,2.4105099433563013,0.2359543659850619,0.2311789156240787,0.9729152558335209,0.8035069108009338
magcache_t012_k4_r020_shift9,cache_off_shift9,/root/leo2-output/cache-full-final-848x464x121-20260903-1039,magcache,,9.0,1.0,11,d994202344d5b3cd11d897b9c4aa6aa7e06bdef797f9a42d687d890f22a6b336,42011,81.7464907510439,197.09029707696754,2.4109939798785884,0.2003286182381411,0.20940107074928427,0.9779524452626113,0.4784390926361084
magcache_t012_k4_r020_shift9,cache_off_shift9,/root/leo2-output/cache-full-final-848x464x121-20260903-1039,magcache,,9.0,1.0,12,73dc88b66f60dc4acbc21f5c07b013c1e8977398882fa3c2d33ccedb1c52c255,42012,81.77037117409054,197.12566181097645,2.4107223555496953,0.24325028162801496,0.24564937256937372,0.9707888274206571,0.617716908454895
magcache_t012_k4_r020_shift9,cache_off_shift9,/root/leo2-output/cache-full-final-848x464x121-20260903-1039,magcache,,9.0,1.0,13,4b2da9ea17c71c7eb74f704ae7d3583b65fc767cb4169fa71fe228ac6bee400f,42013,81.71501909196377,196.91042567207478,2.409721344499323,0.204340303729234,0.20054365462376292,0.979687222007689,1.0172707438468933
magcache_t012_k4_r020_shift9,cache_off_shift9,/root/leo2-output/cache-full-final-848x464x121-20260903-1039,magcache,,9.0,1.0,14,5314f43b6879948c123069cdb791a9abf95d73d1c6e1ced61a98940f7fbfe3df,42014,81.76756716892123,197.0905532190809,2.4103756543461454,0.22549737456729932,0.23585034603286945,0.9718055588096202,0.8959000781178474
magcache_t012_k4_r020_shift9,cache_off_shift9,/root/leo2-output/cache-full-final-848x464x121-20260903-1039,magcache,,9.0,1.0,15,83553032008b482916a0e7e0fc3834624ba19be69ac4ca020adae6e85908ef3b,42015,81.7334444699809,197.01139300200157,2.4104134394380017,0.07951292521046183,0.07921408798483666,0.9968727645964256,0.18372032046318054
