index,seed,prompt
4,42004,Alfa Romeo car Rides through the night city
12,42012,invacion de soldades estadounidenses a las playas de normandia
20,42020,"a ghost with white bed sheet, being scared by someone"
28,42028,"in a dense and very dark forest, mysterious figures with red eyes are hiding behind the trees, everything shrouded in fog moved by the wind"
36,42036,astronaut in a forest in the middle of two paths
44,42044,animated cartoon types video of raabit in park with little and decorated plants
52,42052,"Dancing in the dark, red rim light, silhouette of a beautiful woman, dynamic composition, minimalism, stark"
60,42060,police pig tear gas kiss trump  biden cartoon
68,42068,Multicore cables turn into snakes and crawl in different directions quickly
76,42076,"close up of a demon in a wide brim hat with glowing red eyes starts to smile with razor sharp teeth, motion 2, gs 20"
84,42084,a Pakistani receptionist refusing man for interview
92,42092,white glowing smoke on a blue background
100,42100,Elon Musk eating pizza in Futuristic spaceship
108,42108,"two old and ugly drag queens giving candies to children, village background, villains, ultra realistic, cinematic look"
116,42116,I want a picture of an old man in the original countryside for a cottage book
124,42124,3D animited cartoon a village old cute women is sitting on a chair and working
132,42132,Moses on his journey taking his staff and splitting the ocean into 2 to make a path way for the Israelites
140,42140,alec guiness as young obi wan kenobi
148,42148,oldschool VHS style footage of a space ship flying into a starport
156,42156,Ethiopian very handsome man blows a kiss
164,42164,"a timelapse of a Lilly flower opening over a quite pong, best quality, masterpiece"
172,42172,let go of the past without tears
180,42180,a cave man striking two rocks together to see sparks coming out
188,42188,"dark 90s film from a 1990s Screen grab 90s, mortal kombat, zombie Liu Kang walking up to beat down Shang Stung, Armageddon pyramid, dark, creepy, gritty dark aesthetic core liminal Occult film"
196,42196,"android eating an omlet breakfast and drinking a cup of coffee at diner counter, low angle point of view from the counter looking up at the androids face, waitress"
204,42204,presidente of mexico lopez obrador as if he s an old wicth delivers a comand stick to claudia sheimbaum
212,42212,"young woman is sitting on the floor and opening lots of blind boxes with toys, from every box she receives the same toy, she is crying"
220,42220,"Beautiful girl violinist of a female orchestra playing the violin in a concert hall, blonde, short hair"
228,42228,"robocop shoot down palestinian terrorist, shooting , 3D , fight , counter terrorists , 4k ,"
236,42236,sweating people on the beacht with no water
244,42244,"dancing iron man, fantasy style, camera moves to the left, 8k, HD, cinematic, very realistic details"
252,42252,"fever dream like boar creature inside murky woods, low visibility, caught on vhs camera, horror, dark"
