index,seed,prompt
0,42000,"A red panda runs along a rain-darkened bamboo path while the camera tracks low beside it, with droplets scattering from every step."
1,42001,"An astronaut walks through a field of sunflowers at sunrise as a slow crane shot reveals a distant silver lander."
2,42002,"A glassblowing artisan rotates molten orange glass in a dim workshop while sparks drift through shafts of warm light."
3,42003,"Two sailboats cross a turquoise bay under fast-moving clouds, filmed from a smooth aerial orbit around a rocky island."
4,42004,"A tiny robot carefully waters rooftop tomatoes during golden hour as city traffic glows far below."
5,42005,"A white horse gallops across a black-sand beach beside breaking waves while the camera follows in a wide side profile."
6,42006,"Steam curls from a bowl of ramen in a quiet night market while a chef adds scallions and lanterns sway in the background."
7,42007,"A kingfisher dives into a clear forest stream and emerges with a silver fish in crisp slow motion."
8,42008,"An old green tram rounds a snowy European street corner while pedestrians open colorful umbrellas."
9,42009,"Bioluminescent jellyfish pulse through deep blue water as the camera glides slowly between them."
10,42010,"A skateboarder performs a kickflip over a sunlit plaza staircase, captured by a fast handheld tracking shot."
11,42011,"Wind moves through a lavender field beneath a summer storm while lightning flickers behind distant mountains."
12,42012,"A tabby cat pushes a wooden toy train around a cozy living room as afternoon light moves across the floor."
13,42013,"A potter shapes a tall clay vase on a spinning wheel in close-up, with wet clay folding under both hands."
14,42014,"A red vintage convertible drives through a neon-lit tunnel at night while reflections race across its polished hood."
15,42015,"Three hot-air balloons rise above terraced green hills at dawn as mist flows through the valleys below."
