case,baseline_case,cache_threshold,flow_shift_video,prompt_index,prompt_hash,seed,candidate_video,baseline_video,width,height,frames,fps,rgb_sample_count,mae,rmse,relative_l1,relative_l2,max_abs
cache_t005_shift3,cache_off_shift3,0.05,3.0,0,6c422e5b9a6a5a230211e6672c16a4fd662e5cb94f26d0e5e25bf6cd0bf7e39e,42000,/root/leo2-output/cache-full-final-848x464x121-20260903-1039/cache_t005_shift3/samples/cache_benchmark_16__16/videos/0_0.mp4,/root/leo2-output/cache-full-final-848x464x121-20260903-1039/cache_off_shift3/samples/cache_benchmark_16__16/videos/0_0.mp4,848,464,121,24.0,142830336,0.019482674857520685,0.032832108128530546,0.043566508859906615,0.06836348434538204,0.8156862745098039
cache_t005_shift3,cache_off_shift3,0.05,3.0,1,b3070de68398a68e0619a1c8dedd0dc7060b9ad1be763d2b0ba5b3c9e46f0e5b,42001,/root/leo2-output/cache-full-final-848x464x121-20260903-1039/cache_t005_shift3/samples/cache_benchmark_16__16/videos/1_0.mp4,/root/leo2-output/cache-full-final-848x464x121-20260903-1039/cache_off_shift3/samples/cache_benchmark_16__16/videos/1_0.mp4,848,464,121,24.0,142830336,0.019270284787262504,0.029318413495202224,0.05564852415133091,0.07438372921877534,0.5803921568627451
cache_t005_shift3,cache_off_shift3,0.05,3.0,2,b6b467541e83d12c9b7c9ffa3eda4bc8b0665226286a01203021fcbb61845078,42002,/root/leo2-output/cache-full-final-848x464x121-20260903-1039/cache_t005_shift3/samples/cache_benchmark_16__16/videos/2_0.mp4,/root/leo2-output/cache-full-final-848x464x121-20260903-1039/cache_off_shift3/samples/cache_benchmark_16__16/videos/2_0.mp4,848,464,121,24.0,142830336,0.011379055810005813,0.018857671898962227,0.04464784259353247,0.06695983431114617,0.8509803921568627
cache_t005_shift3,cache_off_shift3,0.05,3.0,3,6de57924c7a76ef79e4f054de07a4963b0fc186c9b7df1b46b44eb751a58a27a,42003,/root/leo2-output/cache-full-final-848x464x121-20260903-1039/cache_t005_shift3/samples/cache_benchmark_16__16/videos/3_0.mp4,/root/leo2-output/cache-full-final-848x464x121-20260903-1039/cache_off_shift3/samples/cache_benchmark_16__16/videos/3_0.mp4,848,464,121,24.0,142830336,0.011215449246816346,0.016575945124743075,0.02132989474187375,0.02921810344726715,0.8235294117647058
cache_t005_shift3,cache_off_shift3,0.05,3.0,4,613984d64d599dfc10b980c0d97b9f0443924513f926246518ee639b79632937,42004,/root/leo2-output/cache-full-final-848x464x121-20260903-1039/cache_t005_shift3/samples/cache_benchmark_16__16/videos/4_0.mp4,/root/leo2-output/cache-full-final-848x464x121-20260903-1039/cache_off_shift3/samples/cache_benchmark_16__16/videos/4_0.mp4,848,464,121,24.0,142830336,0.014663452332209117,0.02353318919880568,0.03538333961497999,0.05146493902547147,0.7254901960784313
cache_t005_shift3,cache_off_shift3,0.05,3.0,5,71a4171dbac377ae449612935949aac513196df89c976bfee2dbcebc4fdcc3ac,42005,/root/leo2-output/cache-full-final-848x464x121-20260903-1039/cache_t005_shift3/samples/cache_benchmark_16__16/videos/5_0.mp4,/root/leo2-output/cache-full-final-848x464x121-20260903-1039/cache_off_shift3/samples/cache_benchmark_16__16/videos/5_0.mp4,848,464,121,24.0,142830336,0.013028630765133267,0.020583696305533677,0.036301499827618745,0.051675683170060965,0.7058823529411765
cache_t005_shift3,cache_off_shift3,0.05,3.0,6,926e4240f626ad49a86d7f35a6f3ec19421f72d28489512452fc208875243ce3,42006,/root/leo2-output/cache-full-final-848x464x121-20260903-1039/cache_t005_shift3/samples/cache_benchmark_16__16/videos/6_0.mp4,/root/leo2-output/cache-full-final-848x464x121-20260903-1039/cache_off_shift3/samples/cache_benchmark_16__16/videos/6_0.mp4,848,464,121,24.0,142830336,0.013310533695026805,0.020581116670362914,0.031989804930875596,0.04603855212281623,0.5450980392156862
cache_t005_shift3,cache_off_shift3,0.05,3.0,7,dc4f7f3bdae18b39a73263e1f44646c853ab268fea3038154674f768a9fa4371,42007,/root/leo2-output/cache-full-final-848x464x121-20260903-1039/cache_t005_shift3/samples/cache_benchmark_16__16/videos/7_0.mp4,/root/leo2-output/cache-full-final-848x464x121-20260903-1039/cache_off_shift3/samples/cache_benchmark_16__16/videos/7_0.mp4,848,464,121,24.0,142830336,0.017214940235379797,0.023525784491120354,0.04842828314078134,0.061308794366923935,0.6705882352941176
cache_t005_shift3,cache_off_shift3,0.05,3.0,8,9c90cd0eeabffc279c7ac8ad7d30cebb02fbc625ab8e9dc258f04bb5ae01b2d0,42008,/root/leo2-output/cache-full-final-848x464x121-20260903-1039/cache_t005_shift3/samples/cache_benchmark_16__16/videos/8_0.mp4,/root/leo2-output/cache-full-final-848x464x121-20260903-1039/cache_off_shift3/samples/cache_benchmark_16__16/videos/8_0.mp4,848,464,121,24.0,142830336,0.024015608747616938,0.03927510258101431,0.05908909700834995,0.0847434268010572,0.9725490196078431
cache_t005_shift3,cache_off_shift3,0.05,3.0,9,039f8e923a69ce8df103a228e6a77472b6911d69a34c4b2158678cd65c34f67d,42009,/root/leo2-output/cache-full-final-848x464x121-20260903-1039/cache_t005_shift3/samples/cache_benchmark_16__16/videos/9_0.mp4,/root/leo2-output/cache-full-final-848x464x121-20260903-1039/cache_off_shift3/samples/cache_benchmark_16__16/videos/9_0.mp4,848,464,121,24.0,142830336,0.016952109488264783,0.027992521234810424,0.04011746097488072,0.058397716809666635,0.8274509803921568
cache_t005_shift3,cache_off_shift3,0.05,3.0,10,f2c207f7ab86c282c10d778d4a6cdab9a3ffcd163df354e0540baf988d7b1a26,42010,/root/leo2-output/cache-full-final-848x464x121-20260903-1039/cache_t005_shift3/samples/cache_benchmark_16__16/videos/10_0.mp4,/root/leo2-output/cache-full-final-848x464x121-20260903-1039/cache_off_shift3/samples/cache_benchmark_16__16/videos/10_0.mp4,848,464,121,24.0,142830336,0.021206176218123606,0.0349426827129794,0.04458674716285362,0.06546977864388585,0.9803921568627451
cache_t005_shift3,cache_off_shift3,0.05,3.0,11,d994202344d5b3cd11d897b9c4aa6aa7e06bdef797f9a42d687d890f22a6b336,42011,/root/leo2-output/cache-full-final-848x464x121-20260903-1039/cache_t005_shift3/samples/cache_benchmark_16__16/videos/11_0.mp4,/root/leo2-output/cache-full-final-848x464x121-20260903-1039/cache_off_shift3/samples/cache_benchmark_16__16/videos/11_0.mp4,848,464,121,24.0,142830336,0.022978394834147563,0.03450686125867904,0.05049402587672539,0.07249430024211856,0.6235294117647059
cache_t005_shift3,cache_off_shift3,0.05,3.0,12,73dc88b66f60dc4acbc21f5c07b013c1e8977398882fa3c2d33ccedb1c52c255,42012,/root/leo2-output/cache-full-final-848x464x121-20260903-1039/cache_t005_shift3/samples/cache_benchmark_16__16/videos/12_0.mp4,/root/leo2-output/cache-full-final-848x464x121-20260903-1039/cache_off_shift3/samples/cache_benchmark_16__16/videos/12_0.mp4,848,464,121,24.0,142830336,0.016180969385366756,0.025238450065134102,0.03888598060212957,0.054573394665878794,0.8823529411764706
cache_t005_shift3,cache_off_shift3,0.05,3.0,13,4b2da9ea17c71c7eb74f704ae7d3583b65fc767cb4169fa71fe228ac6bee400f,42013,/root/leo2-output/cache-full-final-848x464x121-20260903-1039/cache_t005_shift3/samples/cache_benchmark_16__16/videos/13_0.mp4,/root/leo2-output/cache-full-final-848x464x121-20260903-1039/cache_off_shift3/samples/cache_benchmark_16__16/videos/13_0.mp4,848,464,121,24.0,142830336,0.014647103166281613,0.025367082775704437,0.03475177063202627,0.05232488972125108,0.9098039215686274
cache_t005_shift3,cache_off_shift3,0.05,3.0,14,5314f43b6879948c123069cdb791a9abf95d73d1c6e1ced61a98940f7fbfe3df,42014,/root/leo2-output/cache-full-final-848x464x121-20260903-1039/cache_t005_shift3/samples/cache_benchmark_16__16/videos/14_0.mp4,/root/leo2-output/cache-full-final-848x464x121-20260903-1039/cache_off_shift3/samples/cache_benchmark_16__16/videos/14_0.mp4,848,464,121,24.0,142830336,0.020567134679727598,0.0380327984808978,0.08684427543279975,0.13417004170480454,0.9333333333333333
cache_t005_shift3,cache_off_shift3,0.05,3.0,15,83553032008b482916a0e7e0fc3834624ba19be69ac4ca020adae6e85908ef3b,42015,/root/leo2-output/cache-full-final-848x464x121-20260903-1039/cache_t005_shift3/samples/cache_benchmark_16__16/videos/15_0.mp4,/root/leo2-output/cache-full-final-848x464x121-20260903-1039/cache_off_shift3/samples/cache_benchmark_16__16/videos/15_0.mp4,848,464,121,24.0,142830336,0.011090050061007965,0.016334573468163652,0.030033868233122762,0.03998347578732203,0.5176470588235295
cache_t005_shift7,cache_off_shift7,0.05,7.0,0,6c422e5b9a6a5a230211e6672c16a4fd662e5cb94f26d0e5e25bf6cd0bf7e39e,42000,/root/leo2-output/cache-full-final-848x464x121-20260903-1039/cache_t005_shift7/samples/cache_benchmark_16__16/videos/0_0.mp4,/root/leo2-output/cache-full-final-848x464x121-20260903-1039/cache_off_shift7/samples/cache_benchmark_16__16/videos/0_0.mp4,848,464,121,24.0,142830336,0.02448689468936369,0.042735318653007386,0.053322788807269934,0.08567995999406988,0.7803921568627451
cache_t005_shift7,cache_off_shift7,0.05,7.0,1,b3070de68398a68e0619a1c8dedd0dc7060b9ad1be763d2b0ba5b3c9e46f0e5b,42001,/root/leo2-output/cache-full-final-848x464x121-20260903-1039/cache_t005_shift7/samples/cache_benchmark_16__16/videos/1_0.mp4,/root/leo2-output/cache-full-final-848x464x121-20260903-1039/cache_off_shift7/samples/cache_benchmark_16__16/videos/1_0.mp4,848,464,121,24.0,142830336,0.025241102128606738,0.039715595757346824,0.07327446584569088,0.09726609572932157,0.8352941176470589
cache_t005_shift7,cache_off_shift7,0.05,7.0,2,b6b467541e83d12c9b7c9ffa3eda4bc8b0665226286a01203021fcbb61845078,42002,/root/leo2-output/cache-full-final-848x464x121-20260903-1039/cache_t005_shift7/samples/cache_benchmark_16__16/videos/2_0.mp4,/root/leo2-output/cache-full-final-848x464x121-20260903-1039/cache_off_shift7/samples/cache_benchmark_16__16/videos/2_0.mp4,848,464,121,24.0,142830336,0.015432839223767602,0.028068786492977674,0.0677205264606776,0.10952779765394348,0.8784313725490196
cache_t005_shift7,cache_off_shift7,0.05,7.0,3,6de57924c7a76ef79e4f054de07a4963b0fc186c9b7df1b46b44eb751a58a27a,42003,/root/leo2-output/cache-full-final-848x464x121-20260903-1039/cache_t005_shift7/samples/cache_benchmark_16__16/videos/3_0.mp4,/root/leo2-output/cache-full-final-848x464x121-20260903-1039/cache_off_shift7/samples/cache_benchmark_16__16/videos/3_0.mp4,848,464,121,24.0,142830336,0.011042765933334016,0.016656889279919262,0.020088845972395353,0.028180450749684845,0.6627450980392157
cache_t005_shift7,cache_off_shift7,0.05,7.0,4,613984d64d599dfc10b980c0d97b9f0443924513f926246518ee639b79632937,42004,/root/leo2-output/cache-full-final-848x464x121-20260903-1039/cache_t005_shift7/samples/cache_benchmark_16__16/videos/4_0.mp4,/root/leo2-output/cache-full-final-848x464x121-20260903-1039/cache_off_shift7/samples/cache_benchmark_16__16/videos/4_0.mp4,848,464,121,24.0,142830336,0.017787502734411147,0.0319576096410276,0.04193302582528649,0.06710947430150883,0.8862745098039215
cache_t005_shift7,cache_off_shift7,0.05,7.0,5,71a4171dbac377ae449612935949aac513196df89c976bfee2dbcebc4fdcc3ac,42005,/root/leo2-output/cache-full-final-848x464x121-20260903-1039/cache_t005_shift7/samples/cache_benchmark_16__16/videos/5_0.mp4,/root/leo2-output/cache-full-final-848x464x121-20260903-1039/cache_off_shift7/samples/cache_benchmark_16__16/videos/5_0.mp4,848,464,121,24.0,142830336,0.028776287879534686,0.054688491723940386,0.08143867474369189,0.13297348454370295,0.8235294117647058
cache_t005_shift7,cache_off_shift7,0.05,7.0,6,926e4240f626ad49a86d7f35a6f3ec19421f72d28489512452fc208875243ce3,42006,/root/leo2-output/cache-full-final-848x464x121-20260903-1039/cache_t005_shift7/samples/cache_benchmark_16__16/videos/6_0.mp4,/root/leo2-output/cache-full-final-848x464x121-20260903-1039/cache_off_shift7/samples/cache_benchmark_16__16/videos/6_0.mp4,848,464,121,24.0,142830336,0.020689427451250998,0.03687339865419581,0.04786655656088052,0.07919880068605159,0.8980392156862745
cache_t005_shift7,cache_off_shift7,0.05,7.0,7,dc4f7f3bdae18b39a73263e1f44646c853ab268fea3038154674f768a9fa4371,42007,/root/leo2-output/cache-full-final-848x464x121-20260903-1039/cache_t005_shift7/samples/cache_benchmark_16__16/videos/7_0.mp4,/root/leo2-output/cache-full-final-848x464x121-20260903-1039/cache_off_shift7/samples/cache_benchmark_16__16/videos/7_0.mp4,848,464,121,24.0,142830336,0.019946260369983555,0.030306487056312444,0.05918275624789569,0.081038576196015,0.8784313725490196
cache_t005_shift7,cache_off_shift7,0.05,7.0,8,9c90cd0eeabffc279c7ac8ad7d30cebb02fbc625ab8e9dc258f04bb5ae01b2d0,42008,/root/leo2-output/cache-full-final-848x464x121-20260903-1039/cache_t005_shift7/samples/cache_benchmark_16__16/videos/8_0.mp4,/root/leo2-output/cache-full-final-848x464x121-20260903-1039/cache_off_shift7/samples/cache_benchmark_16__16/videos/8_0.mp4,848,464,121,24.0,142830336,0.0296101115958678,0.05062652992246693,0.07312725749309634,0.10854819544222896,1.0
cache_t005_shift7,cache_off_shift7,0.05,7.0,9,039f8e923a69ce8df103a228e6a77472b6911d69a34c4b2158678cd65c34f67d,42009,/root/leo2-output/cache-full-final-848x464x121-20260903-1039/cache_t005_shift7/samples/cache_benchmark_16__16/videos/9_0.mp4,/root/leo2-output/cache-full-final-848x464x121-20260903-1039/cache_off_shift7/samples/cache_benchmark_16__16/videos/9_0.mp4,848,464,121,24.0,142830336,0.01689804803393708,0.028354175031835262,0.041172486368065093,0.05838153606557375,0.9254901960784314
cache_t005_shift7,cache_off_shift7,0.05,7.0,10,f2c207f7ab86c282c10d778d4a6cdab9a3ffcd163df354e0540baf988d7b1a26,42010,/root/leo2-output/cache-full-final-848x464x121-20260903-1039/cache_t005_shift7/samples/cache_benchmark_16__16/videos/10_0.mp4,/root/leo2-output/cache-full-final-848x464x121-20260903-1039/cache_off_shift7/samples/cache_benchmark_16__16/videos/10_0.mp4,848,464,121,24.0,142830336,0.04251112587284583,0.08368278158782605,0.08658555929712491,0.14892067587014793,1.0
cache_t005_shift7,cache_off_shift7,0.05,7.0,11,d994202344d5b3cd11d897b9c4aa6aa7e06bdef797f9a42d687d890f22a6b336,42011,/root/leo2-output/cache-full-final-848x464x121-20260903-1039/cache_t005_shift7/samples/cache_benchmark_16__16/videos/11_0.mp4,/root/leo2-output/cache-full-final-848x464x121-20260903-1039/cache_off_shift7/samples/cache_benchmark_16__16/videos/11_0.mp4,848,464,121,24.0,142830336,0.03324342290103622,0.052532263392631694,0.07040254393015223,0.10540368407752444,0.7372549019607844
cache_t005_shift7,cache_off_shift7,0.05,7.0,12,73dc88b66f60dc4acbc21f5c07b013c1e8977398882fa3c2d33ccedb1c52c255,42012,/root/leo2-output/cache-full-final-848x464x121-20260903-1039/cache_t005_shift7/samples/cache_benchmark_16__16/videos/12_0.mp4,/root/leo2-output/cache-full-final-848x464x121-20260903-1039/cache_off_shift7/samples/cache_benchmark_16__16/videos/12_0.mp4,848,464,121,24.0,142830336,0.019626052373789563,0.03216763460235428,0.046445234750929085,0.06790258143694362,0.9450980392156862
cache_t005_shift7,cache_off_shift7,0.05,7.0,13,4b2da9ea17c71c7eb74f704ae7d3583b65fc767cb4169fa71fe228ac6bee400f,42013,/root/leo2-output/cache-full-final-848x464x121-20260903-1039/cache_t005_shift7/samples/cache_benchmark_16__16/videos/13_0.mp4,/root/leo2-output/cache-full-final-848x464x121-20260903-1039/cache_off_shift7/samples/cache_benchmark_16__16/videos/13_0.mp4,848,464,121,24.0,142830336,0.01988883746135626,0.038436924945584275,0.04690427631311209,0.07633657352506205,0.9137254901960784
cache_t005_shift7,cache_off_shift7,0.05,7.0,14,5314f43b6879948c123069cdb791a9abf95d73d1c6e1ced61a98940f7fbfe3df,42014,/root/leo2-output/cache-full-final-848x464x121-20260903-1039/cache_t005_shift7/samples/cache_benchmark_16__16/videos/14_0.mp4,/root/leo2-output/cache-full-final-848x464x121-20260903-1039/cache_off_shift7/samples/cache_benchmark_16__16/videos/14_0.mp4,848,464,121,24.0,142830336,0.018886004913206817,0.03715854046329912,0.09444303163261299,0.14488231594619952,0.9764705882352941
cache_t005_shift7,cache_off_shift7,0.05,7.0,15,83553032008b482916a0e7e0fc3834624ba19be69ac4ca020adae6e85908ef3b,42015,/root/leo2-output/cache-full-final-848x464x121-20260903-1039/cache_t005_shift7/samples/cache_benchmark_16__16/videos/15_0.mp4,/root/leo2-output/cache-full-final-848x464x121-20260903-1039/cache_off_shift7/samples/cache_benchmark_16__16/videos/15_0.mp4,848,464,121,24.0,142830336,0.007815912220688545,0.010956275233742548,0.020739658247186626,0.025403950838498043,0.2549019607843137
cache_t002_shift9,cache_off_shift9,0.02,9.0,0,6c422e5b9a6a5a230211e6672c16a4fd662e5cb94f26d0e5e25bf6cd0bf7e39e,42000,/root/leo2-output/cache-full-final-848x464x121-20260903-1039/cache_t002_shift9/samples/cache_benchmark_16__16/videos/0_0.mp4,/root/leo2-output/cache-full-final-848x464x121-20260903-1039/cache_off_shift9/samples/cache_benchmark_16__16/videos/0_0.mp4,848,464,121,24.0,142830336,0.0,0.0,0.0,0.0,0.0
cache_t002_shift9,cache_off_shift9,0.02,9.0,1,b3070de68398a68e0619a1c8dedd0dc7060b9ad1be763d2b0ba5b3c9e46f0e5b,42001,/root/leo2-output/cache-full-final-848x464x121-20260903-1039/cache_t002_shift9/samples/cache_benchmark_16__16/videos/1_0.mp4,/root/leo2-output/cache-full-final-848x464x121-20260903-1039/cache_off_shift9/samples/cache_benchmark_16__16/videos/1_0.mp4,848,464,121,24.0,142830336,0.0,0.0,0.0,0.0,0.0
cache_t002_shift9,cache_off_shift9,0.02,9.0,2,b6b467541e83d12c9b7c9ffa3eda4bc8b0665226286a01203021fcbb61845078,42002,/root/leo2-output/cache-full-final-848x464x121-20260903-1039/cache_t002_shift9/samples/cache_benchmark_16__16/videos/2_0.mp4,/root/leo2-output/cache-full-final-848x464x121-20260903-1039/cache_off_shift9/samples/cache_benchmark_16__16/videos/2_0.mp4,848,464,121,24.0,142830336,0.0,0.0,0.0,0.0,0.0
cache_t002_shift9,cache_off_shift9,0.02,9.0,3,6de57924c7a76ef79e4f054de07a4963b0fc186c9b7df1b46b44eb751a58a27a,42003,/root/leo2-output/cache-full-final-848x464x121-20260903-1039/cache_t002_shift9/samples/cache_benchmark_16__16/videos/3_0.mp4,/root/leo2-output/cache-full-final-848x464x121-20260903-1039/cache_off_shift9/samples/cache_benchmark_16__16/videos/3_0.mp4,848,464,121,24.0,142830336,0.0,0.0,0.0,0.0,0.0
cache_t002_shift9,cache_off_shift9,0.02,9.0,4,613984d64d599dfc10b980c0d97b9f0443924513f926246518ee639b79632937,42004,/root/leo2-output/cache-full-final-848x464x121-20260903-1039/cache_t002_shift9/samples/cache_benchmark_16__16/videos/4_0.mp4,/root/leo2-output/cache-full-final-848x464x121-20260903-1039/cache_off_shift9/samples/cache_benchmark_16__16/videos/4_0.mp4,848,464,121,24.0,142830336,0.0,0.0,0.0,0.0,0.0
cache_t002_shift9,cache_off_shift9,0.02,9.0,5,71a4171dbac377ae449612935949aac513196df89c976bfee2dbcebc4fdcc3ac,42005,/root/leo2-output/cache-full-final-848x464x121-20260903-1039/cache_t002_shift9/samples/cache_benchmark_16__16/videos/5_0.mp4,/root/leo2-output/cache-full-final-848x464x121-20260903-1039/cache_off_shift9/samples/cache_benchmark_16__16/videos/5_0.mp4,848,464,121,24.0,142830336,0.0,0.0,0.0,0.0,0.0
cache_t002_shift9,cache_off_shift9,0.02,9.0,6,926e4240f626ad49a86d7f35a6f3ec19421f72d28489512452fc208875243ce3,42006,/root/leo2-output/cache-full-final-848x464x121-20260903-1039/cache_t002_shift9/samples/cache_benchmark_16__16/videos/6_0.mp4,/root/leo2-output/cache-full-final-848x464x121-20260903-1039/cache_off_shift9/samples/cache_benchmark_16__16/videos/6_0.mp4,848,464,121,24.0,142830336,0.0,0.0,0.0,0.0,0.0
cache_t002_shift9,cache_off_shift9,0.02,9.0,7,dc4f7f3bdae18b39a73263e1f44646c853ab268fea3038154674f768a9fa4371,42007,/root/leo2-output/cache-full-final-848x464x121-20260903-1039/cache_t002_shift9/samples/cache_benchmark_16__16/videos/7_0.mp4,/root/leo2-output/cache-full-final-848x464x121-20260903-1039/cache_off_shift9/samples/cache_benchmark_16__16/videos/7_0.mp4,848,464,121,24.0,142830336,0.0,0.0,0.0,0.0,0.0
cache_t002_shift9,cache_off_shift9,0.02,9.0,8,9c90cd0eeabffc279c7ac8ad7d30cebb02fbc625ab8e9dc258f04bb5ae01b2d0,42008,/root/leo2-output/cache-full-final-848x464x121-20260903-1039/cache_t002_shift9/samples/cache_benchmark_16__16/videos/8_0.mp4,/root/leo2-output/cache-full-final-848x464x121-20260903-1039/cache_off_shift9/samples/cache_benchmark_16__16/videos/8_0.mp4,848,464,121,24.0,142830336,0.0,0.0,0.0,0.0,0.0
cache_t002_shift9,cache_off_shift9,0.02,9.0,9,039f8e923a69ce8df103a228e6a77472b6911d69a34c4b2158678cd65c34f67d,42009,/root/leo2-output/cache-full-final-848x464x121-20260903-1039/cache_t002_shift9/samples/cache_benchmark_16__16/videos/9_0.mp4,/root/leo2-output/cache-full-final-848x464x121-20260903-1039/cache_off_shift9/samples/cache_benchmark_16__16/videos/9_0.mp4,848,464,121,24.0,142830336,0.0,0.0,0.0,0.0,0.0
cache_t002_shift9,cache_off_shift9,0.02,9.0,10,f2c207f7ab86c282c10d778d4a6cdab9a3ffcd163df354e0540baf988d7b1a26,42010,/root/leo2-output/cache-full-final-848x464x121-20260903-1039/cache_t002_shift9/samples/cache_benchmark_16__16/videos/10_0.mp4,/root/leo2-output/cache-full-final-848x464x121-20260903-1039/cache_off_shift9/samples/cache_benchmark_16__16/videos/10_0.mp4,848,464,121,24.0,142830336,0.0,0.0,0.0,0.0,0.0
cache_t002_shift9,cache_off_shift9,0.02,9.0,11,d994202344d5b3cd11d897b9c4aa6aa7e06bdef797f9a42d687d890f22a6b336,42011,/root/leo2-output/cache-full-final-848x464x121-20260903-1039/cache_t002_shift9/samples/cache_benchmark_16__16/videos/11_0.mp4,/root/leo2-output/cache-full-final-848x464x121-20260903-1039/cache_off_shift9/samples/cache_benchmark_16__16/videos/11_0.mp4,848,464,121,24.0,142830336,0.0,0.0,0.0,0.0,0.0
cache_t002_shift9,cache_off_shift9,0.02,9.0,12,73dc88b66f60dc4acbc21f5c07b013c1e8977398882fa3c2d33ccedb1c52c255,42012,/root/leo2-output/cache-full-final-848x464x121-20260903-1039/cache_t002_shift9/samples/cache_benchmark_16__16/videos/12_0.mp4,/root/leo2-output/cache-full-final-848x464x121-20260903-1039/cache_off_shift9/samples/cache_benchmark_16__16/videos/12_0.mp4,848,464,121,24.0,142830336,0.0,0.0,0.0,0.0,0.0
cache_t002_shift9,cache_off_shift9,0.02,9.0,13,4b2da9ea17c71c7eb74f704ae7d3583b65fc767cb4169fa71fe228ac6bee400f,42013,/root/leo2-output/cache-full-final-848x464x121-20260903-1039/cache_t002_shift9/samples/cache_benchmark_16__16/videos/13_0.mp4,/root/leo2-output/cache-full-final-848x464x121-20260903-1039/cache_off_shift9/samples/cache_benchmark_16__16/videos/13_0.mp4,848,464,121,24.0,142830336,0.0,0.0,0.0,0.0,0.0
cache_t002_shift9,cache_off_shift9,0.02,9.0,14,5314f43b6879948c123069cdb791a9abf95d73d1c6e1ced61a98940f7fbfe3df,42014,/root/leo2-output/cache-full-final-848x464x121-20260903-1039/cache_t002_shift9/samples/cache_benchmark_16__16/videos/14_0.mp4,/root/leo2-output/cache-full-final-848x464x121-20260903-1039/cache_off_shift9/samples/cache_benchmark_16__16/videos/14_0.mp4,848,464,121,24.0,142830336,0.0,0.0,0.0,0.0,0.0
cache_t002_shift9,cache_off_shift9,0.02,9.0,15,83553032008b482916a0e7e0fc3834624ba19be69ac4ca020adae6e85908ef3b,42015,/root/leo2-output/cache-full-final-848x464x121-20260903-1039/cache_t002_shift9/samples/cache_benchmark_16__16/videos/15_0.mp4,/root/leo2-output/cache-full-final-848x464x121-20260903-1039/cache_off_shift9/samples/cache_benchmark_16__16/videos/15_0.mp4,848,464,121,24.0,142830336,0.0,0.0,0.0,0.0,0.0
cache_t005_shift9,cache_off_shift9,0.05,9.0,0,6c422e5b9a6a5a230211e6672c16a4fd662e5cb94f26d0e5e25bf6cd0bf7e39e,42000,/root/leo2-output/cache-full-final-848x464x121-20260903-1039/cache_t005_shift9/samples/cache_benchmark_16__16/videos/0_0.mp4,/root/leo2-output/cache-full-final-848x464x121-20260903-1039/cache_off_shift9/samples/cache_benchmark_16__16/videos/0_0.mp4,848,464,121,24.0,142830336,0.028939541027386863,0.05430047067342703,0.06329673668177628,0.10906216928852064,0.9411764705882353
cache_t005_shift9,cache_off_shift9,0.05,9.0,1,b3070de68398a68e0619a1c8dedd0dc7060b9ad1be763d2b0ba5b3c9e46f0e5b,42001,/root/leo2-output/cache-full-final-848x464x121-20260903-1039/cache_t005_shift9/samples/cache_benchmark_16__16/videos/1_0.mp4,/root/leo2-output/cache-full-final-848x464x121-20260903-1039/cache_off_shift9/samples/cache_benchmark_16__16/videos/1_0.mp4,848,464,121,24.0,142830336,0.022317946929870203,0.03708253849516357,0.06592094218054771,0.09137534855131837,0.7843137254901961
cache_t005_shift9,cache_off_shift9,0.05,9.0,2,b6b467541e83d12c9b7c9ffa3eda4bc8b0665226286a01203021fcbb61845078,42002,/root/leo2-output/cache-full-final-848x464x121-20260903-1039/cache_t005_shift9/samples/cache_benchmark_16__16/videos/2_0.mp4,/root/leo2-output/cache-full-final-848x464x121-20260903-1039/cache_off_shift9/samples/cache_benchmark_16__16/videos/2_0.mp4,848,464,121,24.0,142830336,0.02320820244336033,0.04421278586700797,0.10899499533523703,0.18346756731443245,1.0
cache_t005_shift9,cache_off_shift9,0.05,9.0,3,6de57924c7a76ef79e4f054de07a4963b0fc186c9b7df1b46b44eb751a58a27a,42003,/root/leo2-output/cache-full-final-848x464x121-20260903-1039/cache_t005_shift9/samples/cache_benchmark_16__16/videos/3_0.mp4,/root/leo2-output/cache-full-final-848x464x121-20260903-1039/cache_off_shift9/samples/cache_benchmark_16__16/videos/3_0.mp4,848,464,121,24.0,142830336,0.011403679650228026,0.017641995167912018,0.020422414576000584,0.029396166445488026,0.5843137254901961
cache_t005_shift9,cache_off_shift9,0.05,9.0,4,613984d64d599dfc10b980c0d97b9f0443924513f926246518ee639b79632937,42004,/root/leo2-output/cache-full-final-848x464x121-20260903-1039/cache_t005_shift9/samples/cache_benchmark_16__16/videos/4_0.mp4,/root/leo2-output/cache-full-final-848x464x121-20260903-1039/cache_off_shift9/samples/cache_benchmark_16__16/videos/4_0.mp4,848,464,121,24.0,142830336,0.0340865035897158,0.0574340993790926,0.08109861004540035,0.12138304098266703,0.8745098039215686
cache_t005_shift9,cache_off_shift9,0.05,9.0,5,71a4171dbac377ae449612935949aac513196df89c976bfee2dbcebc4fdcc3ac,42005,/root/leo2-output/cache-full-final-848x464x121-20260903-1039/cache_t005_shift9/samples/cache_benchmark_16__16/videos/5_0.mp4,/root/leo2-output/cache-full-final-848x464x121-20260903-1039/cache_off_shift9/samples/cache_benchmark_16__16/videos/5_0.mp4,848,464,121,24.0,142830336,0.01547761213119649,0.028688316839587783,0.04340794978367338,0.06880439981513396,0.9176470588235294
cache_t005_shift9,cache_off_shift9,0.05,9.0,6,926e4240f626ad49a86d7f35a6f3ec19421f72d28489512452fc208875243ce3,42006,/root/leo2-output/cache-full-final-848x464x121-20260903-1039/cache_t005_shift9/samples/cache_benchmark_16__16/videos/6_0.mp4,/root/leo2-output/cache-full-final-848x464x121-20260903-1039/cache_off_shift9/samples/cache_benchmark_16__16/videos/6_0.mp4,848,464,121,24.0,142830336,0.028171930163214013,0.05039479656062288,0.06642558517478468,0.10951928890700455,0.9607843137254902
cache_t005_shift9,cache_off_shift9,0.05,9.0,7,dc4f7f3bdae18b39a73263e1f44646c853ab268fea3038154674f768a9fa4371,42007,/root/leo2-output/cache-full-final-848x464x121-20260903-1039/cache_t005_shift9/samples/cache_benchmark_16__16/videos/7_0.mp4,/root/leo2-output/cache-full-final-848x464x121-20260903-1039/cache_off_shift9/samples/cache_benchmark_16__16/videos/7_0.mp4,848,464,121,24.0,142830336,0.018983668710211232,0.027281255370327235,0.05847296861891201,0.07522136867607197,0.8745098039215686
cache_t005_shift9,cache_off_shift9,0.05,9.0,8,9c90cd0eeabffc279c7ac8ad7d30cebb02fbc625ab8e9dc258f04bb5ae01b2d0,42008,/root/leo2-output/cache-full-final-848x464x121-20260903-1039/cache_t005_shift9/samples/cache_benchmark_16__16/videos/8_0.mp4,/root/leo2-output/cache-full-final-848x464x121-20260903-1039/cache_off_shift9/samples/cache_benchmark_16__16/videos/8_0.mp4,848,464,121,24.0,142830336,0.031125785958150142,0.051893012476059694,0.07610694451604112,0.11008452001765476,1.0
cache_t005_shift9,cache_off_shift9,0.05,9.0,9,039f8e923a69ce8df103a228e6a77472b6911d69a34c4b2158678cd65c34f67d,42009,/root/leo2-output/cache-full-final-848x464x121-20260903-1039/cache_t005_shift9/samples/cache_benchmark_16__16/videos/9_0.mp4,/root/leo2-output/cache-full-final-848x464x121-20260903-1039/cache_off_shift9/samples/cache_benchmark_16__16/videos/9_0.mp4,848,464,121,24.0,142830336,0.01760130120190911,0.028108671659503922,0.043537806212509474,0.05846426511930262,0.9137254901960784
cache_t005_shift9,cache_off_shift9,0.05,9.0,10,f2c207f7ab86c282c10d778d4a6cdab9a3ffcd163df354e0540baf988d7b1a26,42010,/root/leo2-output/cache-full-final-848x464x121-20260903-1039/cache_t005_shift9/samples/cache_benchmark_16__16/videos/10_0.mp4,/root/leo2-output/cache-full-final-848x464x121-20260903-1039/cache_off_shift9/samples/cache_benchmark_16__16/videos/10_0.mp4,848,464,121,24.0,142830336,0.0379181961324914,0.07508719124347321,0.075959478805323,0.13143946947133306,1.0
cache_t005_shift9,cache_off_shift9,0.05,9.0,11,d994202344d5b3cd11d897b9c4aa6aa7e06bdef797f9a42d687d890f22a6b336,42011,/root/leo2-output/cache-full-final-848x464x121-20260903-1039/cache_t005_shift9/samples/cache_benchmark_16__16/videos/11_0.mp4,/root/leo2-output/cache-full-final-848x464x121-20260903-1039/cache_off_shift9/samples/cache_benchmark_16__16/videos/11_0.mp4,848,464,121,24.0,142830336,0.028816215768001533,0.050479688897647146,0.060088962455067264,0.09877956685520473,0.8392156862745098
cache_t005_shift9,cache_off_shift9,0.05,9.0,12,73dc88b66f60dc4acbc21f5c07b013c1e8977398882fa3c2d33ccedb1c52c255,42012,/root/leo2-output/cache-full-final-848x464x121-20260903-1039/cache_t005_shift9/samples/cache_benchmark_16__16/videos/12_0.mp4,/root/leo2-output/cache-full-final-848x464x121-20260903-1039/cache_off_shift9/samples/cache_benchmark_16__16/videos/12_0.mp4,848,464,121,24.0,142830336,0.03216358045899695,0.05236954696127475,0.07672822633132727,0.1110369765133327,0.9176470588235294
cache_t005_shift9,cache_off_shift9,0.05,9.0,13,4b2da9ea17c71c7eb74f704ae7d3583b65fc767cb4169fa71fe228ac6bee400f,42013,/root/leo2-output/cache-full-final-848x464x121-20260903-1039/cache_t005_shift9/samples/cache_benchmark_16__16/videos/13_0.mp4,/root/leo2-output/cache-full-final-848x464x121-20260903-1039/cache_off_shift9/samples/cache_benchmark_16__16/videos/13_0.mp4,848,464,121,24.0,142830336,0.021952002041435933,0.040565291061745605,0.05166433419323092,0.08082902695351413,0.9176470588235294
cache_t005_shift9,cache_off_shift9,0.05,9.0,14,5314f43b6879948c123069cdb791a9abf95d73d1c6e1ced61a98940f7fbfe3df,42014,/root/leo2-output/cache-full-final-848x464x121-20260903-1039/cache_t005_shift9/samples/cache_benchmark_16__16/videos/14_0.mp4,/root/leo2-output/cache-full-final-848x464x121-20260903-1039/cache_off_shift9/samples/cache_benchmark_16__16/videos/14_0.mp4,848,464,121,24.0,142830336,0.027483126004608904,0.05639554306398177,0.14953834512141168,0.23265494026625183,1.0
cache_t005_shift9,cache_off_shift9,0.05,9.0,15,83553032008b482916a0e7e0fc3834624ba19be69ac4ca020adae6e85908ef3b,42015,/root/leo2-output/cache-full-final-848x464x121-20260903-1039/cache_t005_shift9/samples/cache_benchmark_16__16/videos/15_0.mp4,/root/leo2-output/cache-full-final-848x464x121-20260903-1039/cache_off_shift9/samples/cache_benchmark_16__16/videos/15_0.mp4,848,464,121,24.0,142830336,0.007640851178677271,0.010843269750806277,0.020202745046923414,0.025014155467148864,0.2235294117647059
cache_t010_shift9,cache_off_shift9,0.1,9.0,0,6c422e5b9a6a5a230211e6672c16a4fd662e5cb94f26d0e5e25bf6cd0bf7e39e,42000,/root/leo2-output/cache-full-final-848x464x121-20260903-1039/cache_t010_shift9/samples/cache_benchmark_16__16/videos/0_0.mp4,/root/leo2-output/cache-full-final-848x464x121-20260903-1039/cache_off_shift9/samples/cache_benchmark_16__16/videos/0_0.mp4,848,464,121,24.0,142830336,0.03867644110584024,0.06353041755721132,0.08459334258784032,0.12760046218136575,0.9372549019607843
cache_t010_shift9,cache_off_shift9,0.1,9.0,1,b3070de68398a68e0619a1c8dedd0dc7060b9ad1be763d2b0ba5b3c9e46f0e5b,42001,/root/leo2-output/cache-full-final-848x464x121-20260903-1039/cache_t010_shift9/samples/cache_benchmark_16__16/videos/1_0.mp4,/root/leo2-output/cache-full-final-848x464x121-20260903-1039/cache_off_shift9/samples/cache_benchmark_16__16/videos/1_0.mp4,848,464,121,24.0,142830336,0.03850870170830914,0.06340655067592031,0.1137438809554589,0.15624053539928762,0.8470588235294118
cache_t010_shift9,cache_off_shift9,0.1,9.0,2,b6b467541e83d12c9b7c9ffa3eda4bc8b0665226286a01203021fcbb61845078,42002,/root/leo2-output/cache-full-final-848x464x121-20260903-1039/cache_t010_shift9/samples/cache_benchmark_16__16/videos/2_0.mp4,/root/leo2-output/cache-full-final-848x464x121-20260903-1039/cache_off_shift9/samples/cache_benchmark_16__16/videos/2_0.mp4,848,464,121,24.0,142830336,0.023141034502175598,0.045086114849508974,0.10867954783541563,0.18709157654032954,1.0
cache_t010_shift9,cache_off_shift9,0.1,9.0,3,6de57924c7a76ef79e4f054de07a4963b0fc186c9b7df1b46b44eb751a58a27a,42003,/root/leo2-output/cache-full-final-848x464x121-20260903-1039/cache_t010_shift9/samples/cache_benchmark_16__16/videos/3_0.mp4,/root/leo2-output/cache-full-final-848x464x121-20260903-1039/cache_off_shift9/samples/cache_benchmark_16__16/videos/3_0.mp4,848,464,121,24.0,142830336,0.017989518944309685,0.028421530499467194,0.03221674276830133,0.0473576845048379,0.8352941176470589
cache_t010_shift9,cache_off_shift9,0.1,9.0,4,613984d64d599dfc10b980c0d97b9f0443924513f926246518ee639b79632937,42004,/root/leo2-output/cache-full-final-848x464x121-20260903-1039/cache_t010_shift9/samples/cache_benchmark_16__16/videos/4_0.mp4,/root/leo2-output/cache-full-final-848x464x121-20260903-1039/cache_off_shift9/samples/cache_benchmark_16__16/videos/4_0.mp4,848,464,121,24.0,142830336,0.033797570681837426,0.05712278861026453,0.08041118086500233,0.12072510696403489,0.8509803921568627
cache_t010_shift9,cache_off_shift9,0.1,9.0,5,71a4171dbac377ae449612935949aac513196df89c976bfee2dbcebc4fdcc3ac,42005,/root/leo2-output/cache-full-final-848x464x121-20260903-1039/cache_t010_shift9/samples/cache_benchmark_16__16/videos/5_0.mp4,/root/leo2-output/cache-full-final-848x464x121-20260903-1039/cache_off_shift9/samples/cache_benchmark_16__16/videos/5_0.mp4,848,464,121,24.0,142830336,0.027756810847296774,0.05326596486490217,0.0778457452739667,0.12775000930156585,0.8901960784313725
cache_t010_shift9,cache_off_shift9,0.1,9.0,6,926e4240f626ad49a86d7f35a6f3ec19421f72d28489512452fc208875243ce3,42006,/root/leo2-output/cache-full-final-848x464x121-20260903-1039/cache_t010_shift9/samples/cache_benchmark_16__16/videos/6_0.mp4,/root/leo2-output/cache-full-final-848x464x121-20260903-1039/cache_off_shift9/samples/cache_benchmark_16__16/videos/6_0.mp4,848,464,121,24.0,142830336,0.03977808566645443,0.06383172113387614,0.09379132356991135,0.13872076455121068,0.9294117647058824
cache_t010_shift9,cache_off_shift9,0.1,9.0,7,dc4f7f3bdae18b39a73263e1f44646c853ab268fea3038154674f768a9fa4371,42007,/root/leo2-output/cache-full-final-848x464x121-20260903-1039/cache_t010_shift9/samples/cache_benchmark_16__16/videos/7_0.mp4,/root/leo2-output/cache-full-final-848x464x121-20260903-1039/cache_off_shift9/samples/cache_benchmark_16__16/videos/7_0.mp4,848,464,121,24.0,142830336,0.055129525364783494,0.08098565779268892,0.1698084314385736,0.22329808286329542,0.9647058823529412
cache_t010_shift9,cache_off_shift9,0.1,9.0,8,9c90cd0eeabffc279c7ac8ad7d30cebb02fbc625ab8e9dc258f04bb5ae01b2d0,42008,/root/leo2-output/cache-full-final-848x464x121-20260903-1039/cache_t010_shift9/samples/cache_benchmark_16__16/videos/8_0.mp4,/root/leo2-output/cache-full-final-848x464x121-20260903-1039/cache_off_shift9/samples/cache_benchmark_16__16/videos/8_0.mp4,848,464,121,24.0,142830336,0.05784812150391181,0.09324292494034103,0.14144683059810767,0.19780317517382748,1.0
cache_t010_shift9,cache_off_shift9,0.1,9.0,9,039f8e923a69ce8df103a228e6a77472b6911d69a34c4b2158678cd65c34f67d,42009,/root/leo2-output/cache-full-final-848x464x121-20260903-1039/cache_t010_shift9/samples/cache_benchmark_16__16/videos/9_0.mp4,/root/leo2-output/cache-full-final-848x464x121-20260903-1039/cache_off_shift9/samples/cache_benchmark_16__16/videos/9_0.mp4,848,464,121,24.0,142830336,0.0371373753816666,0.05920508617186513,0.09186138195469586,0.12314284702929888,0.9333333333333333
cache_t010_shift9,cache_off_shift9,0.1,9.0,10,f2c207f7ab86c282c10d778d4a6cdab9a3ffcd163df354e0540baf988d7b1a26,42010,/root/leo2-output/cache-full-final-848x464x121-20260903-1039/cache_t010_shift9/samples/cache_benchmark_16__16/videos/10_0.mp4,/root/leo2-output/cache-full-final-848x464x121-20260903-1039/cache_off_shift9/samples/cache_benchmark_16__16/videos/10_0.mp4,848,464,121,24.0,142830336,0.05619880194572869,0.10037245872825871,0.11258003124318566,0.17570110835544622,1.0
cache_t010_shift9,cache_off_shift9,0.1,9.0,11,d994202344d5b3cd11d897b9c4aa6aa7e06bdef797f9a42d687d890f22a6b336,42011,/root/leo2-output/cache-full-final-848x464x121-20260903-1039/cache_t010_shift9/samples/cache_benchmark_16__16/videos/11_0.mp4,/root/leo2-output/cache-full-final-848x464x121-20260903-1039/cache_off_shift9/samples/cache_benchmark_16__16/videos/11_0.mp4,848,464,121,24.0,142830336,0.03938144537102961,0.06387808067016942,0.08212008861183633,0.12499778183924712,0.8
cache_t010_shift9,cache_off_shift9,0.1,9.0,12,73dc88b66f60dc4acbc21f5c07b013c1e8977398882fa3c2d33ccedb1c52c255,42012,/root/leo2-output/cache-full-final-848x464x121-20260903-1039/cache_t010_shift9/samples/cache_benchmark_16__16/videos/12_0.mp4,/root/leo2-output/cache-full-final-848x464x121-20260903-1039/cache_off_shift9/samples/cache_benchmark_16__16/videos/12_0.mp4,848,464,121,24.0,142830336,0.04706080575235233,0.0708855565203163,0.11226648599351016,0.1502957029645706,0.9725490196078431
cache_t010_shift9,cache_off_shift9,0.1,9.0,13,4b2da9ea17c71c7eb74f704ae7d3583b65fc767cb4169fa71fe228ac6bee400f,42013,/root/leo2-output/cache-full-final-848x464x121-20260903-1039/cache_t010_shift9/samples/cache_benchmark_16__16/videos/13_0.mp4,/root/leo2-output/cache-full-final-848x464x121-20260903-1039/cache_off_shift9/samples/cache_benchmark_16__16/videos/13_0.mp4,848,464,121,24.0,142830336,0.05055558335214408,0.08539969172410941,0.11898325030713512,0.1701645373056223,1.0
cache_t010_shift9,cache_off_shift9,0.1,9.0,14,5314f43b6879948c123069cdb791a9abf95d73d1c6e1ced61a98940f7fbfe3df,42014,/root/leo2-output/cache-full-final-848x464x121-20260903-1039/cache_t010_shift9/samples/cache_benchmark_16__16/videos/14_0.mp4,/root/leo2-output/cache-full-final-848x464x121-20260903-1039/cache_off_shift9/samples/cache_benchmark_16__16/videos/14_0.mp4,848,464,121,24.0,142830336,0.03292217659628021,0.06650068561064207,0.17913274513157665,0.27434283274576826,1.0
cache_t010_shift9,cache_off_shift9,0.1,9.0,15,83553032008b482916a0e7e0fc3834624ba19be69ac4ca020adae6e85908ef3b,42015,/root/leo2-output/cache-full-final-848x464x121-20260903-1039/cache_t010_shift9/samples/cache_benchmark_16__16/videos/15_0.mp4,/root/leo2-output/cache-full-final-848x464x121-20260903-1039/cache_off_shift9/samples/cache_benchmark_16__16/videos/15_0.mp4,848,464,121,24.0,142830336,0.011405250607760162,0.01743651885847735,0.030155981949740725,0.04022401024371765,0.44313725490196076
