case,complete,expected,dp_shard,cp,ep,tp_requested,tp_effective,wall_seconds,throughput_videos_per_hour_including_load,generation_rank_seconds_mean,checkpoint_load_seconds_max,peak_memory_gib,gpu_util_mean_pct,failure_reason
cp1_shard8_ep1,True,4,8,1,1,1,1,1444,9.97229916897507,1299.05,90.91,88.3994140625,91.03979591836735,
cp2_shard8_ep1,True,4,8,2,1,1,1,840,17.142857142857142,686.54125,94.48,83.7939453125,95.4905761024182,
cp4_ep1,True,4,8,4,1,1,1,888,16.216216216216218,362.076875,106.46,83.5634765625,83.00836680053547,
cp4_shard4_ep1,False,4,4,4,1,1,1,224,0.0,,160.73,94.4208984375,11.888121546961326,CUDA OOM
cp8_ep1,True,4,8,8,1,1,1,967,14.891416752843847,202.2784375,90.09,83.1396484375,83.96783088235294,
cp8_ep2_no_load_burner,False,1,8,8,2,1,1,46,0.0,,,93.7509765625,3.3413461538461537,CUDA OOM
cp8_ep4_no_load_burner,False,1,8,8,4,1,1,80,0.0,,,94.9951171875,26.79090909090909,CUDA OOM
cp8_ep8,True,4,8,8,8,1,1,989,14.560161779575328,209.428125,94.63,94.5244140625,83.24969733656174,
cp8_tp8_requested,True,1,8,8,1,8,1,388,9.278350515463918,215.215,113.0,83.0986328125,56.9015625,
